acc	organisms	technology	platforms	samples
SRP049818	RATTUS_NORVEGICUS	RNA-SEQ	Illumina HiSeq 2000,IlluminaHiSeq2000	NA
SRP075609	RATTUS_NORVEGICUS	RNA-SEQ	IlluminaHiSeq2500,Illumina HiSeq 2500	NA
SRP075490	RATTUS_NORVEGICUS	RNA-SEQ	Illumina HiSeq 2000,IlluminaHiSeq2000	SRR3560886,SRR3560885,SRR3560884,SRR3560883,SRR3560882,SRR3560881,SRR3560880,SRR3560879,SRR3560878,SRR3560877,SRR3560876,SRR3560875,SRR3560874,SRR3560873,SRR3560872,SRR3560871,SRR3560870,SRR3560869,SRR3560868,SRR3560867,SRR3560866,SRR3560865,SRR3560864,SRR3560863,SRR3560862,SRR3560861,SRR3560860,SRR3560859,SRR3560858,SRR3560857,SRR3560856,SRR3560855,SRR3560854,SRR3560853,SRR3560852,SRR3560851,SRR3560850,SRR3560849,SRR3560848,SRR3560847,SRR3560846,SRR3560845,SRR3560844,SRR3560843,SRR3560842,SRR3560841,SRR3560840,SRR3560839,SRR3560838,SRR3560837,SRR3560836,SRR3560835
SRP072843	RATTUS_NORVEGICUS	RNA-SEQ	Illumina HiSeq 2000,IlluminaHiSeq2000	NA
SRP075411	RATTUS_NORVEGICUS	RNA-SEQ	Illumina HiSeq 1500,IlluminaHiSeq1500	NA
SRP126749	RATTUS_NORVEGICUS	RNA-SEQ	Illumina HiSeq 2000,IlluminaHiSeq2000	NA
ERP006055	RATTUS_NORVEGICUS	RNA-SEQ	IlluminaGenomeAnalyzerII,Illumina Genome Analyzer II	NA
SRP128126	RATTUS_NORVEGICUS	RNA-SEQ	IlluminaHiSeq2500,NextSeq 500,Illumina HiSeq 2500,NextSeq500	NA
SRP045777	RATTUS_NORVEGICUS	RNA-SEQ	Illumina HiSeq 2000,IlluminaHiSeq2000	NA
SRP106807	RATTUS_NORVEGICUS	RNA-SEQ	IlluminaHiSeq1000,Illumina HiSeq 1000	NA
SRP150499	RATTUS_NORVEGICUS	RNA-SEQ	NextSeq 500,NextSeq500	NA
SRP076520	RATTUS_NORVEGICUS	RNA-SEQ	IlluminaHiSeq2500,Illumina HiSeq 2500	NA
SRP039021	RATTUS_NORVEGICUS	RNA-SEQ	Illumina HiScanSQ,Illumina HiSeq 2000,IlluminaHiScanSQ,IlluminaHiSeq2000	NA
SRP037986	RATTUS_NORVEGICUS	RNA-SEQ	Illumina HiSeq 2000,IlluminaHiSeq2000	NA
SRP109152	RATTUS_NORVEGICUS	RNA-SEQ	Illumina HiSeq 2000,NextSeq 500,NextSeq500	NA
SRP052323	RATTUS_NORVEGICUS	RNA-SEQ	Illumina HiSeq 2000,IlluminaHiSeq2000	NA
SRP103782	RATTUS_NORVEGICUS	RNA-SEQ	IonTorrentProton,Ion Torrent Proton	NA
ERP024368	RATTUS_NORVEGICUS	RNA-SEQ	Illumina HiSeq 2000,IlluminaHiSeq2000	NA
SRP006893	RATTUS_NORVEGICUS	RNA-SEQ	IlluminaGenomeAnalyzerII,Illumina Genome Analyzer II	NA
SRP126576	RATTUS_NORVEGICUS	RNA-SEQ	IlluminaHiSeq2500,Illumina HiSeq 2500	NA
SRP089885	RATTUS_NORVEGICUS	RNA-SEQ	IlluminaHiSeq2500,Illumina HiSeq 2500	NA
SRP070436	RATTUS_NORVEGICUS	RNA-SEQ	Illumina HiSeq 2000,IlluminaHiSeq2000	NA
SRP070882	RATTUS_NORVEGICUS	RNA-SEQ	IlluminaHiSeq2500,Illumina HiSeq 2500	NA
SRP125606	RATTUS_NORVEGICUS	RNA-SEQ	IlluminaHiSeq2500,Illumina HiSeq 2500	NA
SRP158667	RATTUS_NORVEGICUS	RNA-SEQ	NextSeq550,NextSeq 550	NA
SRP128590	RATTUS_NORVEGICUS	RNA-SEQ	IlluminaHiSeq2500,Illumina HiSeq 2500	NA
SRP076044	RATTUS_NORVEGICUS	RNA-SEQ	IlluminaHiSeq2500,Illumina HiSeq 2500	NA
ERP105942	RATTUS_NORVEGICUS	RNA-SEQ	IlluminaHiSeq2500,Illumina HiSeq 2500	NA
SRP040578	RATTUS_NORVEGICUS	RNA-SEQ	IlluminaHiSeq1000,Illumina HiSeq 1000	NA
SRP151694	RATTUS_NORVEGICUS	RNA-SEQ	IlluminaHiSeq2500,Illumina HiSeq 2500	NA
SRP082307	RATTUS_NORVEGICUS	RNA-SEQ	IlluminaHiSeq2500,Illumina HiSeq 2500	NA
SRP029332	RATTUS_NORVEGICUS	RNA-SEQ	Illumina Genome Analyzer II,IlluminaGenomeAnalyzerII	NA
SRP109662	RATTUS_NORVEGICUS	RNA-SEQ	IlluminaHiSeq2500,Illumina HiSeq 2500	NA
SRP004900	RATTUS_NORVEGICUS	RNA-SEQ	Illumina Genome Analyzer,IlluminaGenomeAnalyzer	NA
SRP039954	RATTUS_NORVEGICUS	RNA-SEQ	IlluminaHiSeq1500,Illumina HiSeq 1500	NA
SRP117172	RATTUS_NORVEGICUS	RNA-SEQ	NextSeq 500,NextSeq500	NA
SRP052165	RATTUS_NORVEGICUS	RNA-SEQ	IlluminaHiSeq2500,Illumina HiSeq 2500	NA
SRP004084	RATTUS_NORVEGICUS	RNA-SEQ	Illumina Genome Analyzer II	NA
SRP106502	RATTUS_NORVEGICUS	RNA-SEQ	IlluminaHiSeq2500,Illumina HiSeq 2500	SRR5512112,SRR5512111,SRR5512110,SRR5512109,SRR5512108,SRR5512107,SRR5512106,SRR5512105,SRR5512104,SRR5512103,SRR5512102,SRR5512101,SRR5512100,SRR5512099,SRR5512098,SRR5512097,SRR5512096,SRR5512095
SRP048215	RATTUS_NORVEGICUS	RNA-SEQ	Illumina HiSeq 2000,IlluminaHiSeq2000	SRR1589695,SRR1589694,SRR1589693,SRR1589692,SRR1589691,SRR1589690,SRR1589689,SRR1589688
SRP043707	RATTUS_NORVEGICUS	RNA-SEQ	Illumina HiSeq 2000,IlluminaHiSeq2000	SRR1502870,SRR1502869,SRR1502867,SRR1502866,SRR1502864,SRR1502863
SRP040664	RATTUS_NORVEGICUS	RNA-SEQ	Illumina Genome Analyzer,IlluminaGenomeAnalyzer	SRR1206629,SRR1206628,SRR1206627,SRR1206626,SRR1206625,SRR1206624,SRR1206623,SRR1206622,SRR1206621
SRP035620	RATTUS_NORVEGICUS	RNA-SEQ	IlluminaGenomeAnalyzerII,Illumina Genome Analyzer II	SRR1141020,SRR1141019,SRR1141018,SRR1141017,SRR1141016,SRR1141015,SRR1141014,SRR1141013
SRP095173	RATTUS_NORVEGICUS	RNA-SEQ	Illumina HiSeq 2500	NA
SRP023266	RATTUS_NORVEGICUS	RNA-SEQ	Illumina HiSeq 2000,IlluminaHiSeq2000	NA
SRP132230	RATTUS_NORVEGICUS	RNA-SEQ	Illumina HiSeq 4000	SRR6678065,SRR6678064,SRR6678063,SRR6678062,SRR6678061,SRR6675840,SRR6675839,SRR6675838,SRR6675837,SRR6675836,SRR6675310,SRR6675309,SRR6675308,SRR6675307,SRR6675306
SRP075016	RATTUS_NORVEGICUS	RNA-SEQ	Illumina HiSeq 2500	SRR3529525,SRR3529523,SRR3529521,SRR3529499,SRR3504458,SRR3501860
SRP072027	RATTUS_NORVEGICUS	RNA-SEQ	Illumina HiSeq 2000	NA
SRP062655	RATTUS_NORVEGICUS	RNA-SEQ	Illumina HiSeq 2000,Illumina HiSeq 2500	NA
ERP023266	RATTUS_NORVEGICUS	RNA-SEQ	Illumina HiSeq 2000	NA
SRP096681	RATTUS_NORVEGICUS	RNA-SEQ	Illumina HiSeq 4000	NA
SRP094507	RATTUS_NORVEGICUS	RNA-SEQ	Illumina HiSeq 4000	NA
SRP078493	RATTUS_NORVEGICUS	RNA-SEQ	Illumina HiSeq 2500	NA
SRP070841	RATTUS_NORVEGICUS	RNA-SEQ	Illumina HiSeq 2500	SRR3189371,SRR3189370,SRR3189369,SRR3189368,SRR3189367,SRR3189366
SRP046248	RATTUS_NORVEGICUS	RNA-SEQ	Illumina HiSeq 2000	SRR1566577,SRR1566576,SRR1566575,SRR1566574,SRR1566573,SRR1566572
SRP056012	RATTUS_NORVEGICUS	RNA-SEQ	Illumina HiSeq 2000	NA
SRP048635	RATTUS_NORVEGICUS	RNA-SEQ	Ion Torrent Proton	NA
SRP116102	RATTUS_NORVEGICUS	RNA-SEQ	Illumina HiSeq 2000	NA
ERP002602	RATTUS_NORVEGICUS	RNA-SEQ	Illumina HiSeq 2000	NA
SRP102080	RATTUS_NORVEGICUS	RNA-SEQ	Illumina HiSeq 2500	NA
ERP105017	RATTUS_NORVEGICUS	RNA-SEQ	NextSeq 500	NA
SRP046247	RATTUS_NORVEGICUS	RNA-SEQ	Illumina HiSeq 2000	NA
SRP074067	RATTUS_NORVEGICUS	RNA-SEQ	Illumina HiSeq 2500	NA
SRP082129	RATTUS_NORVEGICUS	RNA-SEQ	Illumina HiSeq 4000	NA
SRP063995	RATTUS_NORVEGICUS	RNA-SEQ	Illumina Genome Analyzer	NA
SRP074370	RATTUS_NORVEGICUS	RNA-SEQ	Illumina HiSeq 2000	SRR3476025,SRR3476024,SRR3476021
SRP075513	RATTUS_NORVEGICUS	RNA-SEQ	Illumina HiSeq 2000	NA
SRP104261	RATTUS_NORVEGICUS	RNA-SEQ	Illumina HiSeq 2500	NA
SRP115386	RATTUS_NORVEGICUS	RNA-SEQ	Illumina HiSeq 2000	NA
SRP098807	RATTUS_NORVEGICUS	RNA-SEQ	NextSeq 500	NA
SRP111525	RATTUS_NORVEGICUS	RNA-SEQ	Illumina HiSeq 2000	NA
SRP137634	RATTUS_NORVEGICUS	RNA-SEQ	Illumina HiSeq 2000	NA
SRP150738	RATTUS_NORVEGICUS	RNA-SEQ	Illumina HiSeq 2000	NA
SRP044684	RATTUS_NORVEGICUS	RNA-SEQ	Illumina HiSeq 2000	NA
SRP010822	RATTUS_NORVEGICUS	RNA-SEQ	Illumina Genome Analyzer II	SRR407180,SRR407179
SRP095829	RATTUS_NORVEGICUS	RNA-SEQ	Illumina HiSeq 2500	NA
SRP064990	RATTUS_NORVEGICUS	RNA-SEQ	Illumina HiSeq 2000	SRR2733820
SRP100796	RATTUS_NORVEGICUS	RNA-SEQ	Illumina HiSeq 2000	NA
SRP052721	RATTUS_NORVEGICUS	RNA-SEQ	Illumina HiSeq 2000	SRR1768444,SRR1768443,SRR1768421
SRP124934	RATTUS_NORVEGICUS	RNA-SEQ	Illumina HiSeq 2000	NA
SRP045658	RATTUS_NORVEGICUS	RNA-SEQ	Illumina HiSeq 2000	NA
SRP021119	RATTUS_NORVEGICUS	RNA-SEQ	Illumina HiSeq 2000	NA
SRP080004	RATTUS_NORVEGICUS	RNA-SEQ	Illumina Genome Analyzer IIx	SRR3957263,SRR3957262,SRR3957261,SRR3957260
SRP090991	RATTUS_NORVEGICUS	RNA-SEQ	Illumina HiSeq 2000	NA
SRP118086	RATTUS_NORVEGICUS	RNA-SEQ	Illumina HiSeq 2000	NA
SRP150003	RATTUS_NORVEGICUS	RNA-SEQ	NextSeq 500	NA
SRP052301	RATTUS_NORVEGICUS	RNA-SEQ	Illumina HiSeq 2000	NA
SRP059752	RATTUS_NORVEGICUS	RNA-SEQ	Illumina HiSeq 2500	SRR2073152,SRR2073151,SRR2073150,SRR2073149,SRR2073148,SRR2073147
SRP075804	RATTUS_NORVEGICUS	RNA-SEQ	NextSeq 500	NA
SRP035458	RATTUS_NORVEGICUS	RNA-SEQ	Illumina HiSeq 2000	NA
SRP063362	RATTUS_NORVEGICUS	RNA-SEQ	Illumina HiSeq 2000	NA
SRP070695	RATTUS_NORVEGICUS	RNA-SEQ	Illumina HiSeq 2500	NA
SRP091399	RATTUS_NORVEGICUS	RNA-SEQ	Illumina HiSeq 2500	NA
SRP055990	RATTUS_NORVEGICUS	RNA-SEQ	Illumina HiSeq 1000	NA
SRP131475	RATTUS_NORVEGICUS	RNA-SEQ	NextSeq 500	NA
SRP066787	RATTUS_NORVEGICUS	RNA-SEQ	Illumina HiSeq 2000	NA
SRP029005	RATTUS_NORVEGICUS	RNA-SEQ	Illumina Genome Analyzer IIx	NA
SRP118126	RATTUS_NORVEGICUS	RNA-SEQ	Illumina HiSeq 2500	NA
SRP145098	RATTUS_NORVEGICUS	RNA-SEQ	Illumina HiSeq 4000	SRR7140131,SRR7140130,SRR7140129,SRR7140128,SRR7140127,SRR7140126,SRR7140125,SRR7140124,SRR7140123
SRP028932	RATTUS_NORVEGICUS	RNA-SEQ	Illumina HiSeq 2000	NA
SRP083888	RATTUS_NORVEGICUS	RNA-SEQ	Ion Torrent Proton	SRR4105441,SRR4105440,SRR4105439,SRR4105438,SRR4105437,SRR4105436
ERP011250	RATTUS_NORVEGICUS	RNA-SEQ	Illumina HiSeq 2000	ERR974065,ERR974064,ERR974063,ERR974062,ERR974061,ERR974060,ERR974059,ERR974058,ERR974057,ERR974056,ERR974055,ERR974054,ERR974053,ERR974052
SRP078244	RATTUS_NORVEGICUS	RNA-SEQ	Ion Torrent Proton	NA
SRP096190	RATTUS_NORVEGICUS	RNA-SEQ	Illumina HiSeq 2000	NA
SRP018943	RATTUS_NORVEGICUS	RNA-SEQ	Illumina Genome Analyzer	SRR768351,SRR768350
SRP013378	RATTUS_NORVEGICUS	RNA-SEQ	Illumina HiSeq 2000	NA
SRP022136	RATTUS_NORVEGICUS	RNA-SEQ	Illumina HiScanSQ	SRR846980,SRR846979,SRR846978,SRR846977,SRR846976,SRR846975,SRR846974,SRR846973,SRR846972,SRR846971,SRR846970,SRR846969
SRP044030	RATTUS_NORVEGICUS	RNA-SEQ	Illumina HiSeq 2500	NA
SRP116310	RATTUS_NORVEGICUS	RNA-SEQ	Illumina HiSeq 2000	SRR5984236,SRR5984235
SRP118982	RATTUS_NORVEGICUS	RNA-SEQ	NextSeq 500	NA
SRP115944	RATTUS_NORVEGICUS	RNA-SEQ	Illumina HiSeq 3000	SRR5956139,SRR5956138,SRR5956137,SRR5956136,SRR5956135,SRR5956134,SRR5956133,SRR5956132,SRR5956131,SRR5956130,SRR5956129,SRR5956128
SRP100772	RATTUS_NORVEGICUS	RNA-SEQ	Illumina HiSeq 1000	NA
SRP051483	RATTUS_NORVEGICUS	RNA-SEQ	Illumina HiSeq 2000	NA
SRP045544	RATTUS_NORVEGICUS	RNA-SEQ	Illumina HiSeq 2000	SRR1552514,SRR1552513,SRR1552512
SRP035209	RATTUS_NORVEGICUS	RNA-SEQ	Illumina HiSeq 2000	NA
SRP018516	RATTUS_NORVEGICUS	RNA-SEQ	Illumina HiSeq 2000	NA
SRP017255	RATTUS_NORVEGICUS	RNA-SEQ	Illumina Genome Analyzer IIx	NA
SRP007413	RATTUS_NORVEGICUS	RNA-SEQ	Illumina HiSeq 2000	NA
SRP141195	RATTUS_NORVEGICUS	RNA-SEQ	Illumina HiSeq 2000	NA
SRP049765	RATTUS_NORVEGICUS	RNA-SEQ	Illumina HiSeq 2500	SRR1659013,SRR1659012,SRR1659011,SRR1659008,SRR1659007,SRR1659006,SRR1658962,SRR1658960,SRR1658959,SRR1658950,SRR1658949,SRR1658948,SRR1658919,SRR1658918,SRR1658917,SRR1658916,SRR1658915,SRR1654812,SRR1654810,SRR1652488,SRR1652487,SRR1649575
SRP018322	RATTUS_NORVEGICUS	RNA-SEQ	Illumina HiSeq 2000	NA
SRP060621	RATTUS_NORVEGICUS	RNA-SEQ	Illumina HiSeq 2500	NA
ERP009735	RATTUS_NORVEGICUS	RNA-SEQ	Illumina HiSeq 2500	NA
SRP144163	RATTUS_NORVEGICUS	RNA-SEQ	Illumina HiSeq 2500	NA
SRP041741	RATTUS_NORVEGICUS	RNA-SEQ	Illumina HiSeq 2000	NA
SRP057517	RATTUS_NORVEGICUS	RNA-SEQ	NextSeq 500	NA
SRP075033	RATTUS_NORVEGICUS	RNA-SEQ	NextSeq 500	NA
SRP036442	RATTUS_NORVEGICUS	RNA-SEQ	Illumina HiSeq 2000	NA
SRP065879	RATTUS_NORVEGICUS	RNA-SEQ	Illumina HiSeq 2000	SRR2927732,SRR2927731,SRR2927730,SRR2927729,SRR2927728,SRR2927727
SRP078466	RATTUS_NORVEGICUS	RNA-SEQ	Illumina HiSeq 2000	NA
ERP019989	RATTUS_NORVEGICUS	RNA-SEQ	Illumina HiSeq 2500	NA
ERP015402	RATTUS_NORVEGICUS	RNA-SEQ	Illumina HiSeq 2500	NA
SRP066667	RATTUS_NORVEGICUS	RNA-SEQ	Illumina Genome Analyzer IIx	SRR2960744,SRR2960743,SRR2960742,SRR2960741,SRR2960740,SRR2960739,SRR2960738,SRR2960737,SRR2960736,SRR2960735
SRP100488	RATTUS_NORVEGICUS	RNA-SEQ	Illumina HiSeq 2000	NA
SRP152559	RATTUS_NORVEGICUS	RNA-SEQ	Illumina HiSeq 4000	NA
SRP099434	RATTUS_NORVEGICUS	RNA-SEQ	Ion Torrent Proton	NA
SRP135721	RATTUS_NORVEGICUS	RNA-SEQ	Illumina HiSeq 2000	NA
SRP021090	RATTUS_NORVEGICUS	RNA-SEQ	Illumina HiSeq 2000	NA
SRP013116	RATTUS_NORVEGICUS	RNA-SEQ	Illumina HiSeq 2000	NA
SRP022310	RATTUS_NORVEGICUS	RNA-SEQ	Illumina HiSeq 2000	NA
SRP073525	RATTUS_NORVEGICUS	RNA-SEQ	Illumina HiSeq 2500	NA
SRP048964	RATTUS_NORVEGICUS	RNA-SEQ	Illumina HiSeq 2000	NA
SRP049482	RATTUS_NORVEGICUS	RNA-SEQ	Illumina HiSeq 2000	NA
SRP137055	RATTUS_NORVEGICUS	RNA-SEQ	Illumina HiSeq 2000	NA
SRP017586	RATTUS_NORVEGICUS	RNA-SEQ	Illumina HiSeq 2000	NA
SRP055872	RATTUS_NORVEGICUS	RNA-SEQ	Illumina HiSeq 2500	NA
SRP094421	RATTUS_NORVEGICUS	RNA-SEQ	Illumina HiSeq 2500	SRR5068353,SRR5068352,SRR5068351,SRR5068350,SRR5068349,SRR5068348,SRR5068347,SRR5068346,SRR5068345
SRP100864	RATTUS_NORVEGICUS	RNA-SEQ	Illumina HiSeq 2000	NA
SRP057603	RATTUS_NORVEGICUS	RNA-SEQ	Illumina HiSeq 2500	NA
ERP024586	RATTUS_NORVEGICUS	RNA-SEQ	Illumina HiSeq 4000	NA
SRP148632	RATTUS_NORVEGICUS	RNA-SEQ	Illumina HiSeq 1500	NA
SRP058004	RATTUS_NORVEGICUS	RNA-SEQ	Illumina HiSeq 2000	NA
SRP049463	RATTUS_NORVEGICUS	RNA-SEQ	Illumina HiSeq 2000	NA
SRP058398	RATTUS_NORVEGICUS	RNA-SEQ	Illumina HiSeq 2000	NA
SRP091541	RATTUS_NORVEGICUS	RNA-SEQ	Illumina HiSeq 1000	NA
SRP101721	RATTUS_NORVEGICUS	RNA-SEQ	NextSeq 500	SRR5335852,SRR5335851,SRR5335850,SRR5335849,SRR5335848,SRR5335847,SRR5335846,SRR5335845,SRR5335844,SRR5335843,SRR5335842,SRR5335841
ERP007231	RATTUS_NORVEGICUS	RNA-SEQ	Illumina HiSeq 2000	NA
SRP048549	RATTUS_NORVEGICUS	RNA-SEQ	Illumina HiSeq 2500	NA
SRP059044	RATTUS_NORVEGICUS	RNA-SEQ	Illumina HiSeq 2000	SRR2050231,SRR2050230,SRR2050229,SRR2050227,SRR2050226,SRR2050225
SRP110145	RATTUS_NORVEGICUS	RNA-SEQ	NextSeq 500	NA
SRP091911	RATTUS_NORVEGICUS	RNA-SEQ	Illumina HiSeq 2500	NA
SRP123212	RATTUS_NORVEGICUS	RNA-SEQ	NextSeq 500	NA
SRP059358	RATTUS_NORVEGICUS	RNA-SEQ	NextSeq 500	NA
SRP026262	RATTUS_NORVEGICUS	RNA-SEQ	Illumina HiSeq 2000	SRR921320,SRR921319
ERP006608	RATTUS_NORVEGICUS	RNA-SEQ	Illumina HiSeq 2500	NA
SRP059370	RATTUS_NORVEGICUS	RNA-SEQ	Illumina HiSeq 2000	NA
SRP110283	RATTUS_NORVEGICUS	RNA-SEQ	Ion Torrent Proton	NA
SRP116037	RATTUS_NORVEGICUS	RNA-SEQ	Illumina HiSeq 2000,Illumina Genome Analyzer IIx	NA
SRP116158	RATTUS_NORVEGICUS	RNA-SEQ	Illumina HiSeq 2500	NA
SRP095569	RATTUS_NORVEGICUS	RNA-SEQ	Illumina HiSeq 2500	SRR5127162,SRR5127161,SRR5127160,SRR5127159,SRR5127158,SRR5127157,SRR5127156,SRR5127155,SRR5127154,SRR5127153,SRR5127152,SRR5127151,SRR5127150,SRR5127149,SRR5127148,SRR5127147,SRR5127146,SRR5127145,SRR5127144,SRR5127143,SRR5127142,SRR5127141,SRR5127140,SRR5127139,SRR5127138,SRR5127137,SRR5127136,SRR5127135
SRP113769	RATTUS_NORVEGICUS	RNA-SEQ	Illumina HiSeq 2000	SRR5878076,SRR5878075,SRR5878074,SRR5878073,SRR5878072,SRR5878071,SRR5878070,SRR5878069,SRR5878068,SRR5878067,SRR5878066,SRR5878065,SRR5878064,SRR5878063,SRR5878062,SRR5878061,SRR5878060,SRR5878059,SRR5878058,SRR5878057,SRR5878056,SRR5878055,SRR5878054,SRR5878053
SRP113452	RATTUS_NORVEGICUS	RNA-SEQ	Illumina HiSeq 2500	NA
SRP041131	RATTUS_NORVEGICUS	RNA-SEQ	Illumina HiSeq 2000	NA
SRP048960	RATTUS_NORVEGICUS	RNA-SEQ	Illumina HiSeq 2500	SRR1613357,SRR1613356
SRP099115	RATTUS_NORVEGICUS	RNA-SEQ	Illumina HiSeq 2500	SRR5240060,SRR5240059,SRR5240058,SRR5240057
SRP115347	RATTUS_NORVEGICUS	RNA-SEQ	Illumina HiSeq 2500	SRR5927315,SRR5927314,SRR5927313,SRR5927312,SRR5927311,SRR5927310,SRR5927309,SRR5927308,SRR5927307,SRR5927306
SRP115810	RATTUS_NORVEGICUS	RNA-SEQ	Illumina HiSeq 2500	SRR5944368,SRR5944367,SRR5944366,SRR5944365,SRR5944364,SRR5944363,SRR5944362,SRR5944361
SRP092006	RATTUS_NORVEGICUS	RNA-SEQ	Illumina HiSeq 2000	SRR4448323,SRR4448322
SRP035358	RATTUS_NORVEGICUS	RNA-SEQ	Illumina HiSeq 2000	SRR1107311,SRR1107310,SRR1107309,SRR1107308
SRP028727	RATTUS_NORVEGICUS	RNA-SEQ	Illumina Genome Analyzer IIx	SRR950440,SRR950439,SRR950438,SRR950437,SRR950436,SRR950435,SRR950434,SRR950433,SRR950432,SRR950431,SRR950430
SRP043193	RATTUS_NORVEGICUS	RNA-SEQ	Illumina HiSeq 2000	SRR1391030,SRR1391029,SRR1391028,SRR1391027,SRR1391026,SRR1391025,SRR1391024,SRR1391023,SRR1391022,SRR1391021,SRR1391020,SRR1391019,SRR1391018,SRR1391017,SRR1391016,SRR1391015,SRR1391014,SRR1391013,SRR1391012
SRP072571	RATTUS_NORVEGICUS	RNA-SEQ	Illumina HiSeq 1000	SRR3313614,SRR3313613,SRR3313612,SRR3313611,SRR3313610,SRR3313609,SRR3313608,SRR3313607,SRR3313606,SRR3313605,SRR3313604,SRR3313603,SRR3313602,SRR3313601,SRR3313600
SRP056481	RATTUS_NORVEGICUS	RNA-SEQ	Illumina Genome Analyzer IIx	SRR1927119,SRR1927118,SRR1927117,SRR1927116
SRP029980	RATTUS_NORVEGICUS	RNA-SEQ	Illumina HiSeq 2000	SRR988265,SRR988264
SRP073183	RATTUS_NORVEGICUS	RNA-SEQ	Illumina Genome Analyzer IIx,Illumina HiSeq 2000	SRR3362366,SRR3362365,SRR3362364,SRR3362363,SRR3362362,SRR3362361,SRR3362360,SRR3362358,SRR3362357,SRR3362356,SRR3362355,SRR3362354,SRR3362353,SRR3362352,SRR3362351,SRR3362350,SRR3362349,SRR3362348,SRR3362347,SRR3362346,SRR3362345,SRR3362344,SRR3362343,SRR3362342,SRR3362341,SRR3362340,SRR3362339,SRR3362338,SRR3362337,SRR3362336
SRP109181	RATTUS_NORVEGICUS	RNA-SEQ	Illumina HiSeq 2000	SRR5683090,SRR5683089,SRR5683088,SRR5683087,SRR5683086,SRR5683085,SRR5683084,SRR5683083
SRP135264	RATTUS_NORVEGICUS	RNA-SEQ	Illumina HiSeq 2000	SRR6829502,SRR6829501,SRR6829500,SRR6829499,SRR6829498,SRR6829497,SRR6829496,SRR6829495,SRR6829494,SRR6829493,SRR6829492,SRR6829491
SRP063969	RATTUS_NORVEGICUS	RNA-SEQ	Illumina HiSeq 2500	SRR2479814,SRR2479813,SRR2479812,SRR2479811,SRR2479810,SRR2479809
SRP116133	RATTUS_NORVEGICUS	RNA-SEQ	Illumina HiSeq 2500	SRR5973157,SRR5973156,SRR5973155,SRR5973154,SRR5973153,SRR5973152,SRR5973151,SRR5973150,SRR5973149,SRR5973148,SRR5973147
SRP106852	RATTUS_NORVEGICUS	RNA-SEQ	Illumina HiSeq 2500	SRR5520669,SRR5520668,SRR5520667,SRR5520666,SRR5520665,SRR5520664,SRR5520663,SRR5520662,SRR5520661,SRR5520660
SRP103733	RATTUS_NORVEGICUS	RNA-SEQ	Illumina HiSeq 2500	SRR5440755,SRR5440754,SRR5440753,SRR5440752,SRR5440751,SRR5440750,SRR5440749,SRR5440748,SRR5440747,SRR5440746,SRR5440745,SRR5440744
SRP131063	RATTUS_NORVEGICUS	RNA-SEQ	Illumina HiSeq 4000	SRR6497516,SRR6497515,SRR6497514,SRR6497513,SRR6497512,SRR6497511,SRR6497510,SRR6497509,SRR6497508,SRR6497507,SRR6497506,SRR6497505
SRP130181	RATTUS_NORVEGICUS	RNA-SEQ	Illumina HiSeq 2000	NA
SRP090099	RATTUS_NORVEGICUS	RNA-SEQ	Illumina HiSeq 2500	NA
SRP074376	RATTUS_NORVEGICUS	RNA-SEQ	Illumina HiSeq 2500	SRR3476392,SRR3476391,SRR3476390,SRR3476389,SRR3476388,SRR3476387,SRR3476386,SRR3476385
SRP068926	RATTUS_NORVEGICUS	RNA-SEQ	Illumina HiSeq 2000	SRR3125927,SRR3125926,SRR3125925,SRR3125924,SRR3125923,SRR3125922,SRR3125921,SRR3125920,SRR3125919,SRR3125918,SRR3125917,SRR3125916,SRR3125915,SRR3125914,SRR3125913,SRR3125912,SRR3125911,SRR3125910,SRR3125909,SRR3125908,SRR3125907,SRR3125906,SRR3125905,SRR3125904
SRP070896	RATTUS_NORVEGICUS	RNA-SEQ	Illumina HiSeq 2000	SRR3234361,SRR3234360,SRR3234359,SRR3234358,SRR3234357,SRR3234356,SRR3234355,SRR3234354,SRR3234353
SRP010854	RATTUS_NORVEGICUS	RNA-SEQ	Illumina Genome Analyzer IIx	SRR407422,SRR407421,SRR407420,SRR407419
SRP049242	RATTUS_NORVEGICUS	RNA-SEQ	Illumina Genome Analyzer IIx	SRR1623279,SRR1623278,SRR1623277,SRR1623276,SRR1623275
SRP106491	RATTUS_NORVEGICUS	RNA-SEQ	Illumina HiSeq 2000	SRR5504328,SRR5504327,SRR5504326,SRR5504325,SRR5504324,SRR5504323,SRR5504322,SRR5504321,SRR5504320,SRR5504319,SRR5504318,SRR5504317,SRR5504316,SRR5504315,SRR5504314,SRR5504313,SRR5504312,SRR5504311,SRR5504310,SRR5504309,SRR5504308,SRR5504307,SRR5504306,SRR5504305,SRR5504304,SRR5504303,SRR5504302,SRR5504301,SRR5504300,SRR5504299,SRR5504298,SRR5504297,SRR5504296,SRR5504295,SRR5504294,SRR5504293,SRR5504292,SRR5504291,SRR5504290,SRR5504289,SRR5504288,SRR5504287,SRR5504286,SRR5504285,SRR5504284,SRR5504283,SRR5504282,SRR5504281,SRR5504280,SRR5504279,SRR5504278,SRR5504277,SRR5504276,SRR5504275,SRR5504274,SRR5504273,SRR5504272,SRR5504271,SRR5504270,SRR5504269,SRR5504268,SRR5504267,SRR5504266,SRR5504265,SRR5504264,SRR5504263,SRR5504262,SRR5504261,SRR5504260,SRR5504259,SRR5504258,SRR5504257,SRR5504256,SRR5504255,SRR5504254,SRR5504253,SRR5504252,SRR5504251,SRR5504250,SRR5504249,SRR5504248,SRR5504247,SRR5504246,SRR5504245,SRR5504244,SRR5504243,SRR5504242,SRR5504241,SRR5504240,SRR5504239,SRR5504238,SRR5504237,SRR5504236,SRR5504235,SRR5504234,SRR5504233,SRR5504232,SRR5504231,SRR5504230,SRR5504229,SRR5504228,SRR5504227,SRR5504226,SRR5504225,SRR5504224,SRR5504223,SRR5504222,SRR5504221,SRR5504220,SRR5504219,SRR5504218,SRR5504217,SRR5504216,SRR5504215,SRR5504214,SRR5504213,SRR5504212
ERP103946	RATTUS_NORVEGICUS	RNA-SEQ	Illumina HiSeq 2500	NA
SRP009331	RATTUS_NORVEGICUS	RNA-SEQ	Illumina Genome Analyzer II	SRR364449,SRR364448,SRR364447,SRR364446,SRR364445,SRR364444,SRR364443,SRR364442
SRP058066	RATTUS_NORVEGICUS	RNA-SEQ	Illumina HiSeq 1000	SRR2011860,SRR2011859,SRR2011858,SRR2011857,SRR2011856,SRR2011855,SRR2011854,SRR2011853,SRR2011852,SRR2011851,SRR2011850,SRR2011849,SRR2011848,SRR2011847,SRR2011846,SRR2011845,SRR2011844,SRR2011843,SRR2011842,SRR2011841,SRR2011840,SRR2011839,SRR2011838,SRR2011837,SRR2011836,SRR2011835,SRR2011834,SRR2011833,SRR2011832,SRR2011831,SRR2011830,SRR2011829,SRR2011828,SRR2011827,SRR2011826,SRR2011825,SRR2011824,SRR2011823,SRR2011822,SRR2011821,SRR2011820,SRR2011819,SRR2011818,SRR2011817,SRR2011816,SRR2011815,SRR2011814,SRR2011813,SRR2011812,SRR2011811,SRR2011810,SRR2011809,SRR2011808,SRR2011807,SRR2011806,SRR2011805,SRR2011804,SRR2011803,SRR2011802,SRR2011801,SRR2011800,SRR2011799,SRR2011798,SRR2011797,SRR2011796,SRR2011795,SRR2011794,SRR2011793,SRR2011792,SRR2011791,SRR2011790,SRR2011789,SRR2011788,SRR2011787,SRR2011786,SRR2011785,SRR2011784,SRR2011783,SRR2011782,SRR2011781,SRR2011780,SRR2011779,SRR2011778,SRR2011777,SRR2011776,SRR2011775,SRR2011774,SRR2011773,SRR2011772,SRR2011771,SRR2011770,SRR2011769,SRR2011768,SRR2011767,SRR2011766,SRR2011765,SRR2011764,SRR2011763,SRR2011762,SRR2011761,SRR2011760,SRR2011759,SRR2011758,SRR2011757,SRR2011756,SRR2011755,SRR2011754,SRR2011753,SRR2011752,SRR2011751,SRR2011750,SRR2011749,SRR2011748,SRR2011747,SRR2011746,SRR2011745,SRR2011744,SRR2011743,SRR2011742,SRR2011741,SRR2011740,SRR2011739,SRR2011738,SRR2011737,SRR2011736,SRR2011735,SRR2011734,SRR2011733,SRR2011732,SRR2011731,SRR2011730,SRR2011729,SRR2011728,SRR2011727,SRR2011726,SRR2011725,SRR2011724,SRR2011723,SRR2011722,SRR2011721,SRR2011720,SRR2011719,SRR2011718,SRR2011717,SRR2011716,SRR2011715,SRR2011714,SRR2011713,SRR2011712,SRR2011711,SRR2011710,SRR2011709,SRR2011708,SRR2011707,SRR2011706,SRR2011705,SRR2011704,SRR2011703,SRR2011702,SRR2011701,SRR2011700,SRR2011699,SRR2011698,SRR2011697,SRR2011696,SRR2011695,SRR2011694,SRR2011693,SRR2011692,SRR2011691
SRP045117	RATTUS_NORVEGICUS	RNA-SEQ	Illumina HiSeq 2000	NA
SRP065852	RATTUS_NORVEGICUS	RNA-SEQ	Illumina HiScanSQ	NA
SRP084288	RATTUS_NORVEGICUS	RNA-SEQ	NextSeq 500	NA
SRP103792	RATTUS_NORVEGICUS	RNA-SEQ	Illumina HiSeq 4000	NA
SRP079780	RATTUS_NORVEGICUS	RNA-SEQ	NextSeq 500	NA
SRP148889	RATTUS_NORVEGICUS	RNA-SEQ	Illumina HiSeq 4000	NA
SRP084383	RATTUS_NORVEGICUS	RNA-SEQ	Illumina HiSeq 4000	SRR4125064,SRR4125063,SRR4125062,SRR4125061,SRR4125060,SRR4125059,SRR4125058,SRR4125057,SRR4125056,SRR4125055,SRR4125054,SRR4125053,SRR4125052,SRR4125051,SRR4125050,SRR4125049,SRR4125048,SRR4125047,SRR4125046,SRR4125045,SRR4125044,SRR4125043,SRR4125042,SRR4125041,SRR4125040,SRR4125039,SRR4125038,SRR4125037,SRR4125036,SRR4125035,SRR4125034,SRR4125033
SRP075101	RATTUS_NORVEGICUS	RNA-SEQ	Illumina HiSeq 2000	NA
ERP108381	RATTUS_NORVEGICUS	RNA-SEQ	NextSeq 500	NA
SRP076227	RATTUS_NORVEGICUS	RNA-SEQ	Illumina HiSeq 2500	NA
SRP063456	RATTUS_NORVEGICUS	RNA-SEQ	Illumina Genome Analyzer II	NA
ERP105365	RATTUS_NORVEGICUS	RNA-SEQ	Illumina HiSeq 2000	NA
SRP107380	RATTUS_NORVEGICUS	RNA-SEQ	Illumina HiSeq 2000	SRR5576653,SRR5576652,SRR5576651,SRR5576650,SRR5576649,SRR5576648,SRR5576647,SRR5576646,SRR5576645,SRR5576644,SRR5576643,SRR5576642,SRR5576641,SRR5576640,SRR5576639,SRR5576638,SRR5576637,SRR5576636,SRR5576635,SRR5576634,SRR5576633,SRR5576632,SRR5576631,SRR5576630,SRR5576629,SRR5576628,SRR5576627,SRR5576626,SRR5576625,SRR5576624,SRR5576623,SRR5576622,SRR5576621,SRR5576620,SRR5576619,SRR5576618,SRR5576617,SRR5576616,SRR5576615
SRP091899	RATTUS_NORVEGICUS	RNA-SEQ	Illumina HiSeq 2500	SRR4436667,SRR4436666,SRR4436665,SRR4436664
SRP128552	RATTUS_NORVEGICUS	RNA-SEQ	Illumina HiSeq 2500	NA
SRP076384	RATTUS_NORVEGICUS	RNA-SEQ	Illumina HiSeq 2500	NA
SRP073355	RATTUS_NORVEGICUS	RNA-SEQ	Illumina HiSeq 2500	NA
SRP087535	RATTUS_NORVEGICUS	RNA-SEQ	Illumina HiSeq 2500	NA
SRP018407	RATTUS_NORVEGICUS	RNA-SEQ	Illumina HiSeq 2000	NA
SRP068512	RATTUS_NORVEGICUS	RNA-SEQ	Illumina HiSeq 2500	SRR3106637,SRR3106636,SRR3106635,SRR3103845
ERP003265	RATTUS_NORVEGICUS	RNA-SEQ	Illumina HiSeq 2000	NA
SRP110493	RATTUS_NORVEGICUS	RNA-SEQ	Illumina HiSeq 2000	NA
SRP072725	RATTUS_NORVEGICUS	RNA-SEQ	Illumina HiSeq 2000	SRR3318878
SRP064019	RATTUS_NORVEGICUS	RNA-SEQ	Illumina HiSeq 2000	SRR2505874,SRR2491682
SRP110711	RATTUS_NORVEGICUS	RNA-SEQ	Illumina HiSeq 2000	NA
SRP041920	RATTUS_NORVEGICUS	RNA-SEQ	Illumina HiSeq 2000	NA
SRP005400	RATTUS_NORVEGICUS	RNA-SEQ	Illumina Genome Analyzer	SRR094781,SRR094780,SRR094779,SRR094778,SRR094777
SRP133752	RATTUS_NORVEGICUS	RNA-SEQ	Illumina HiSeq 2000	NA
SRP066328	RATTUS_NORVEGICUS	RNA-SEQ	Illumina Genome Analyzer IIx	NA
SRP110710	RATTUS_NORVEGICUS	RNA-SEQ	Illumina HiSeq 2500	NA
SRP125137	RATTUS_NORVEGICUS	RNA-SEQ	NextSeq 500	NA
SRP053358	RATTUS_NORVEGICUS	RNA-SEQ	Illumina HiSeq 2500	NA
SRP079897	RATTUS_NORVEGICUS	RNA-SEQ	NextSeq 500	NA
SRP131305	RATTUS_NORVEGICUS	RNA-SEQ	Illumina HiSeq 2500	SRR5990139,SRR5990138,SRR5990137,SRR5990136,SRR5990135,SRR5990134,SRR5990133,SRR5990132,SRR5990131,SRR5990130,SRR5990129,SRR5990128,SRR5990127,SRR5990126,SRR5990125,SRR5990124
SRP131756	RATTUS_NORVEGICUS	RNA-SEQ	NextSeq 500	NA
SRP115283	RATTUS_NORVEGICUS	RNA-SEQ	NextSeq 500	NA
SRP051850	RATTUS_NORVEGICUS	RNA-SEQ	Illumina HiSeq 2000	NA
SRP033086	RATTUS_NORVEGICUS	RNA-SEQ	Illumina HiSeq 2000	SRR1030696,SRR1030695
SRP026340	RATTUS_NORVEGICUS	RNA-SEQ	Illumina Genome Analyzer II	NA
SRP042288	RATTUS_NORVEGICUS	RNA-SEQ	Illumina HiSeq 2000	NA
SRP055430	RATTUS_NORVEGICUS	RNA-SEQ	Illumina HiSeq 2000	NA
SRP043463	RATTUS_NORVEGICUS	RNA-SEQ	Illumina Genome Analyzer	SRR1427464,SRR1427463,SRR1427462
SRP052044	RATTUS_NORVEGICUS	RNA-SEQ	Illumina HiSeq 2000	NA
SRP063747	RATTUS_NORVEGICUS	RNA-SEQ	Illumina Genome Analyzer II	SRR2426758,SRR2426757,SRR2426756,SRR2426755,SRR2426754,SRR2426753,SRR2426752,SRR2426751,SRR2426749,SRR2426748,SRR2426747,SRR2426746,SRR2426745,SRR2426744,SRR2426743
SRP057120	RATTUS_NORVEGICUS	RNA-SEQ	Illumina HiSeq 2000	NA
ERP104234	RATTUS_NORVEGICUS	RNA-SEQ	Illumina HiSeq 2000	NA
SRP148772	RATTUS_NORVEGICUS	RNA-SEQ	Illumina HiSeq 2500	SRR7207536,SRR7207535,SRR7207534,SRR7207533,SRR7207532,SRR7207531,SRR7207530,SRR7207529,SRR7207528,SRR7207527,SRR7207526,SRR7207525,SRR7207524,SRR7207523,SRR7207522,SRR7207521,SRR7207520,SRR7207519,SRR7207518,SRR7207517,SRR7207516,SRR7207515,SRR7207514,SRR7207513,SRR7207512,SRR7207511,SRR7207510,SRR7207509,SRR7207508,SRR7207507,SRR7207506,SRR7207505,SRR7207504,SRR7207503,SRR7207502,SRR7207501,SRR7207500,SRR7207499,SRR7207498,SRR7207497,SRR7207496,SRR7207495,SRR7207494,SRR7207493,SRR7207492,SRR7207491,SRR7207490,SRR7207489,SRR7207488,SRR7207487,SRR7207486,SRR7207485,SRR7207484,SRR7207483,SRR7207482,SRR7207481,SRR7207480,SRR7207479,SRR7207478,SRR7207477,SRR7207476,SRR7207475,SRR7207474,SRR7207473,SRR7207472,SRR7207471,SRR7207470,SRR7207469,SRR7207468,SRR7207467,SRR7207466,SRR7207465,SRR7207464,SRR7207463,SRR7207462,SRR7207461,SRR7207460,SRR7207459,SRR7207458,SRR7207457,SRR7207456,SRR7207455,SRR7207454,SRR7207453,SRR7207452,SRR7207450,SRR7207449,SRR7207448,SRR7207447,SRR7207446,SRR7207445,SRR7207444,SRR7207443,SRR7207442,SRR7207441,SRR7207440,SRR7207439,SRR7207438,SRR7207437,SRR7207436,SRR7207435,SRR7207434,SRR7207433,SRR7207432,SRR7207431,SRR7207430,SRR7207429,SRR7207428,SRR7207427,SRR7207426,SRR7207425,SRR7207424,SRR7207423,SRR7207422,SRR7207421,SRR7207420,SRR7207419,SRR7207418,SRR7207417,SRR7207416,SRR7207415,SRR7207414,SRR7207413,SRR7207411,SRR7207410,SRR7207409,SRR7207408,SRR7207407,SRR7207406,SRR7207405,SRR7207404,SRR7207403,SRR7207402,SRR7207401,SRR7207400,SRR7207399,SRR7207398,SRR7207397
SRP067805	RATTUS_NORVEGICUS	RNA-SEQ	Illumina HiSeq 1500	NA
SRP095573	RATTUS_NORVEGICUS	RNA-SEQ	NextSeq 500	SRR6387489,SRR6387488,SRR6387487,SRR6387486,SRR5127248,SRR5127247,SRR5127246,SRR5127245,SRR5127244,SRR5127243,SRR5127242,SRR5127241,SRR5127240,SRR5127239,SRR5127238,SRR5127237
SRP059429	RATTUS_NORVEGICUS	RNA-SEQ	Illumina Genome Analyzer IIx	SRR2061395,SRR2061394,SRR2061393,SRR2061392,SRR2061391,SRR2061390,SRR2061389,SRR2061388,SRR2061387,SRR2061386,SRR2061385,SRR2061384
SRP132271	RATTUS_NORVEGICUS	RNA-SEQ	Illumina HiSeq 4000	SRR6676319,SRR6676318,SRR6676317,SRR6676316,SRR6676315,SRR6676314,SRR6676313,SRR6676312,SRR6676311,SRR6676310,SRR6676309,SRR6676308,SRR6676307,SRR6676306,SRR6676305,SRR6676304
SRP069297	RATTUS_NORVEGICUS	RNA-SEQ	Illumina HiSeq 2000	SRR3144843,SRR3144842,SRR3144841,SRR3144840,SRR3144839,SRR3144838,SRR3144837,SRR3144836,SRR3144835,SRR3144834,SRR3144833,SRR3144832,SRR3144831,SRR3144830,SRR3144829,SRR3144828,SRR3144827,SRR3144826,SRR3144825,SRR3144824,SRR3144823,SRR3144822,SRR3144821,SRR3144820,SRR3144819,SRR3144818,SRR3144817,SRR3144816,SRR3144815,SRR3144814,SRR3144813,SRR3144812,SRR3144811,SRR3144810,SRR3144809
SRP106489	RATTUS_NORVEGICUS	RNA-SEQ	Illumina HiSeq 2000	SRR5504193,SRR5504192,SRR5504191,SRR5504190,SRR5504189,SRR5504188,SRR5504187,SRR5504186,SRR5504185,SRR5504184,SRR5504183,SRR5504182,SRR5504181,SRR5504180,SRR5504179,SRR5504178,SRR5504177,SRR5504176,SRR5504175,SRR5504174,SRR5504173,SRR5504172,SRR5504171,SRR5504170,SRR5504169,SRR5504168,SRR5504167,SRR5504166
SRP053407	RATTUS_NORVEGICUS	RNA-SEQ	Illumina HiSeq 2500	SRR1795733,SRR1795732,SRR1795731,SRR1795730,SRR1795729,SRR1795728
SRP002244	RATTUS_NORVEGICUS	RNA-SEQ	Illumina Genome Analyzer II	SRR039360,SRR039359,SRR039358,SRR039357,SRR039356,SRR039355,SRR039354,SRR039353
SRP072660	RATTUS_NORVEGICUS	RNA-SEQ	NextSeq 500	SRR3315920,SRR3315919,SRR3315918,SRR3315917,SRR3315916,SRR3315915
SRP059489	RATTUS_NORVEGICUS	RNA-SEQ	Illumina HiSeq 2000	SRR2062528,SRR2062527,SRR2062526,SRR2062525
SRP064344	RATTUS_NORVEGICUS	RNA-SEQ	Illumina HiSeq 1000	SRR2541164,SRR2541163,SRR2541162,SRR2541161,SRR2541160,SRR2541159,SRR2541158,SRR2541157,SRR2541156,SRR2541155,SRR2541154,SRR2541153
SRP002416	RATTUS_NORVEGICUS	RNA-SEQ	Illumina Genome Analyzer II	SRR042522,SRR042521,SRR042520,SRR042519,SRR042518,SRR042517,SRR042516,SRR042515,SRR042514,SRR042513,SRR042512,SRR042511,SRR042510,SRR042509,SRR042508,SRR042507,SRR042506,SRR042505,SRR042504,SRR042503,SRR042502,SRR042501,SRR042500,SRR042499
SRP013114	RATTUS_NORVEGICUS	RNA-SEQ	Illumina HiSeq 2000	SRR496788,SRR496787
SRP076389	RATTUS_NORVEGICUS	RNA-SEQ	Illumina HiSeq 2000	SRR3657488,SRR3657487,SRR3657486,SRR3657485,SRR3657484,SRR3657483,SRR3657482,SRR3657481
SRP097793	RATTUS_NORVEGICUS	RNA-SEQ	Illumina HiSeq 2500	SRR5204200,SRR5204199,SRR5204198,SRR5204197,SRR5204196,SRR5204195,SRR5204194,SRR5204193,SRR5204192,SRR5204191,SRR5204190,SRR5204189,SRR5204188,SRR5204187,SRR5204186,SRR5204185,SRR5204184,SRR5204183,SRR5204182,SRR5204181
SRP045092	RATTUS_NORVEGICUS	RNA-SEQ	Illumina HiSeq 2000	SRR1572170,SRR1532673,SRR1532672,SRR1532671,SRR1532670,SRR1532669,SRR1532668,SRR1532667,SRR1532658,SRR1532657,SRR1532656,SRR1532655,SRR1532654,SRR1532653,SRR1532652,SRR1532651
SRP052238	RATTUS_NORVEGICUS	RNA-SEQ	Illumina HiSeq 2500	SRR1759372,SRR1759371,SRR1759370,SRR1759369,SRR1759368,SRR1759367,SRR1759366,SRR1759365,SRR1759364,SRR1759363
SRP101636	RATTUS_NORVEGICUS	RNA-SEQ	Illumina HiSeq 2500	SRR5330425,SRR5330424,SRR5330423,SRR5330422,SRR5330421,SRR5330420,SRR5330419,SRR5330418,SRR5330417,SRR5330415,SRR5330414,SRR5330413,SRR5330412,SRR5330411,SRR5330410,SRR5330409,SRR5330408,SRR5330407
SRP125460	RATTUS_NORVEGICUS	RNA-SEQ	Illumina HiSeq 2500	SRR6315747,SRR6315746,SRR6315745,SRR6315744,SRR6315743,SRR6315742,SRR6315741,SRR6315740,SRR6315739,SRR6315738,SRR6315737,SRR6315736,SRR6315735,SRR6315734,SRR6315733,SRR6315732,SRR6315731,SRR6315730,SRR6315729,SRR6315728,SRR6315727,SRR6315726,SRR6315725,SRR6315724,SRR6315723,SRR6315722,SRR6315721,SRR6315720,SRR6315719,SRR6315718,SRR6315717,SRR6315716,SRR6315715,SRR6315714,SRR6315713,SRR6315712
SRP059729	RATTUS_NORVEGICUS	RNA-SEQ	Illumina HiSeq 2000	SRR2072561,SRR2072560,SRR2072559
SRP034868	RATTUS_NORVEGICUS	RNA-SEQ	Illumina Genome Analyzer IIx	SRR1067740,SRR1067739,SRR1067738,SRR1067737,SRR1067736,SRR1067735,SRR1067734,SRR1067733,SRR1067732,SRR1067731,SRR1067730,SRR1067729,SRR1067728,SRR1067727,SRR1067726,SRR1067725,SRR1067724,SRR1067723
SRP153149	RATTUS_NORVEGICUS	RNA-SEQ	Illumina HiSeq 4000	SRR7513743,SRR7513742,SRR7513741,SRR7513740,SRR7513739,SRR7513738,SRR7513737,SRR7513736,SRR7513735,SRR7513734,SRR7513733,SRR7513732,SRR7513731,SRR7513730,SRR7513729,SRR7513728,SRR7513727,SRR7513726,SRR7513725,SRR7513724,SRR7513723,SRR7513722,SRR7513721,SRR7513720,SRR7513719,SRR7513718,SRR7513717,SRR7513716,SRR7513715,SRR7513714
ERP004227	RATTUS_NORVEGICUS	RNA-SEQ	Illumina HiSeq 2000	ERR361790,ERR361789,ERR361788,ERR361787,ERR361786,ERR361785,ERR361784,ERR361783
SRP103000	RATTUS_NORVEGICUS	RNA-SEQ	Illumina HiSeq 4000	SRR5412901,SRR5412900,SRR5412899,SRR5412898,SRR5412897,SRR5412896,SRR5412895,SRR5412894,SRR5412893,SRR5412892,SRR5412891,SRR5412890,SRR5412889,SRR5412888,SRR5412887,SRR5412886,SRR5412885,SRR5412884,SRR5412883,SRR5412882,SRR5412881,SRR5412880,SRR5412879,SRR5412878,SRR5412877,SRR5412876,SRR5412875,SRR5412874,SRR5412873,SRR5412872,SRR5412871,SRR5412870,SRR5412869,SRR5412868,SRR5412867,SRR5412866,SRR5412865,SRR5412864,SRR5412863
SRP078248	RATTUS_NORVEGICUS	RNA-SEQ	Illumina HiSeq 2000	SRR3825172,SRR3825171,SRR3825170,SRR3825169,SRR3825168,SRR3825167,SRR3825166,SRR3825165,SRR3825164,SRR3825163,SRR3825162,SRR3825161
SRP100621	RATTUS_NORVEGICUS	RNA-SEQ	Illumina HiSeq 2500	SRR5280358,SRR5280357,SRR5280356,SRR5280355,SRR5280354,SRR5280353,SRR5280352,SRR5280351,SRR5280350,SRR5280349,SRR5280348,SRR5280347,SRR5280346,SRR5280345,SRR5280344,SRR5280343,SRR5280342,SRR5280341,SRR5280340,SRR5280339,SRR5280338,SRR5280337,SRR5280336,SRR5280335,SRR5280334,SRR5280333,SRR5280332,SRR5280331,SRR5280330,SRR5280329,SRR5280328,SRR5280327,SRR5280326,SRR5280325,SRR5280324
SRP019984	RATTUS_NORVEGICUS	RNA-SEQ	Illumina Genome Analyzer	NA
SRP115258	RATTUS_NORVEGICUS	RNA-SEQ	Illumina HiSeq 2000	NA
SRP071731	RATTUS_NORVEGICUS	RNA-SEQ	Illumina HiSeq 2000	SRR3223741
SRP017598	RATTUS_NORVEGICUS	RNA-SEQ	Illumina Genome Analyzer IIx	NA
SRP093962	RATTUS_NORVEGICUS	RNA-SEQ	Illumina HiSeq 2500	SRR5057205,SRR5057204,SRR5057199,SRR5057198,SRR5057197,SRR5057196,SRR5057188,SRR5057186
SRP066646	RATTUS_NORVEGICUS	RNA-SEQ	Illumina Genome Analyzer	NA
SRP126787	RATTUS_NORVEGICUS	RNA-SEQ	Illumina HiSeq 2000	SRR6377160,SRR6377159,SRR6377158,SRR6377157,SRR6377156,SRR6377155
SRP028251	RATTUS_NORVEGICUS	RNA-SEQ	Illumina HiSeq 2000	SRR955434,SRR955433,SRR955432,SRR955431
SRP072115	RATTUS_NORVEGICUS	RNA-SEQ	Illumina HiSeq 2000	SRR3270972
SRP113121	RATTUS_NORVEGICUS	RNA-SEQ	Illumina HiSeq 4000	NA
SRP094913	RATTUS_NORVEGICUS	RNA-SEQ	IlluminaHiSeq4000,Illumina HiSeq 4000	NA
SRP076539	RATTUS_NORVEGICUS	RNA-SEQ	IlluminaHiSeq2500,Illumina HiSeq 2500	NA
SRP067088	RATTUS_NORVEGICUS	RNA-SEQ	IonTorrentProton,Ion Torrent Proton	NA
SRP049326	RATTUS_NORVEGICUS	RNA-SEQ	Illumina HiSeq 2000,IlluminaHiSeq2000	NA
SRP108626	RATTUS_NORVEGICUS	RNA-SEQ	IonTorrentProton,Ion Torrent Proton	NA
SRP059653	RATTUS_NORVEGICUS	RNA-SEQ	Illumina HiSeq 2000,IlluminaHiSeq2000	NA
